{
    "loss": 5.373098850250244,
    "accuracy": 0.5467625856399536
}