{
    "loss": 0.05380463972687721,
    "accuracy": 0.9784172773361206
}